student_id,age,math_score,science_score,english_score,city,gender,grade,study_hours
1,21.0,96.0,49.0,48.0,Lalitpur,Other,A,5.0
2,18.0,59.0,28.0,63.0,Bhaktapur,Female,C,1.0
3,22.0,42.0,56.0,31.0,Kathmandu,Female,B,3.0
4,19.0,75.0,38.0,6.0,Lalitpur,Other,A,6.0
5,21.0,99.0,94.0,20.0,Biratnagar,Other,C,7.0
6,24.0,67.0,55.0,19.0,Biratnagar,Male,A,2.0
7,17.0,4.0,42.0,25.0,Kathmandu,Other,A,8.0
8,21.0,36.0,49.0,67.0,Kathmandu,Other,B,1.0
9,22.0,71.0,22.0,85.0,Lalitpur,Other,A,7.0
10,19.0,91.0,43.0,14.0,Pokhara,Male,D,7.0
11,,,,,,,B,
12,22.0,8.0,83.0,78.0,Pokhara,Other,D,0.0
13,22.0,50.0,22.0,85.0,Bhaktapur,Male,A,0.0
14,17.0,28.0,44.0,91.0,Biratnagar,Other,D,1.0
15,20.0,77.0,51.0,13.0,Pokhara,Other,C,8.0
16,19.0,39.0,79.0,26.0,Biratnagar,Male,A,1.0
17,16.0,40.0,49.0,39.0,Pokhara,Female,C,1.0
18,22.0,85.0,7.0,57.0,Bhaktapur,Male,D,5.0
19,20.0,10.0,84.0,27.0,Kathmandu,Other,C,6.0
20,16.0,22.0,0.0,25.0,Bhaktapur,Other,A,6.0
21,19.0,0.0,7.0,62.0,Kathmandu,Other,C,8.0
22,15.0,45.0,28.0,65.0,Kathmandu,Male,D,5.0
23,24.0,20.0,95.0,24.0,Biratnagar,Other,D,7.0
24,,,,,,,D,
25,23.0,35.0,85.0,71.0,Pokhara,Male,A,1.0
26,15.0,53.0,46.0,43.0,Bhaktapur,Female,D,0.0
27,24.0,86.0,33.0,96.0,Biratnagar,Female,A,4.0
28,17.0,56.0,64.0,41.0,Kathmandu,Other,C,8.0
29,21.0,0.0,54.0,98.0,Biratnagar,Male,D,7.0
30,18.0,62.0,89.0,5.0,Lalitpur,Other,C,3.0
31,,,,,,,B,
32,17.0,54.0,73.0,51.0,Pokhara,Male,C,4.0
33,19.0,39.0,29.0,22.0,Biratnagar,Female,B,5.0
34,17.0,14.0,81.0,88.0,Pokhara,Female,C,2.0
35,21.0,20.0,16.0,49.0,Pokhara,Male,A,4.0
36,19.0,46.0,25.0,42.0,Lalitpur,Other,C,1.0
37,23.0,72.0,7.0,18.0,Pokhara,Female,A,9.0
38,21.0,52.0,46.0,68.0,Lalitpur,Other,A,0.0
39,16.0,8.0,75.0,50.0,Kathmandu,Female,D,0.0
40,,,,,,,A,
41,23.0,51.0,71.0,11.0,Pokhara,Other,B,6.0
42,16.0,56.0,88.0,73.0,Lalitpur,Female,D,1.0
43,24.0,25.0,45.0,7.0,Bhaktapur,Female,D,3.0
44,23.0,40.0,67.0,23.0,Pokhara,Other,C,4.0
45,24.0,34.0,32.0,91.0,Kathmandu,Female,A,6.0
46,19.0,62.0,0.0,40.0,Kathmandu,Female,A,1.0
47,16.0,24.0,18.0,35.0,Bhaktapur,Female,B,5.0
48,18.0,89.0,30.0,84.0,Lalitpur,Other,C,0.0
49,21.0,74.0,79.0,71.0,Pokhara,Male,C,6.0
50,22.0,37.0,13.0,54.0,Lalitpur,Other,D,8.0
51,17.0,1.0,52.0,8.0,Kathmandu,Male,D,4.0
52,15.0,6.0,47.0,46.0,Lalitpur,Female,D,4.0
53,18.0,81.0,68.0,14.0,Kathmandu,Male,B,3.0
54,16.0,90.0,89.0,47.0,Lalitpur,Other,B,2.0
55,,,,,,,D,
56,18.0,90.0,91.0,41.0,Biratnagar,Female,C,4.0
57,16.0,16.0,65.0,59.0,Bhaktapur,Male,B,7.0
58,20.0,42.0,63.0,83.0,Bhaktapur,Female,C,8.0
59,20.0,58.0,69.0,69.0,Biratnagar,Female,C,4.0
60,,,,,,,A,
61,18.0,53.0,72.0,1.0,Pokhara,Male,D,8.0
62,20.0,23.0,32.0,6.0,Pokhara,Male,A,1.0
63,16.0,24.0,40.0,79.0,Bhaktapur,Male,D,8.0
64,,,,,,,D,
65,16.0,51.0,47.0,2.0,Kathmandu,Female,C,5.0
66,24.0,69.0,12.0,26.0,Kathmandu,Female,D,5.0
67,,,,,,,C,
68,,,,,,,C,
69,21.0,48.0,30.0,91.0,Kathmandu,Female,D,6.0
70,23.0,28.0,74.0,0.0,Kathmandu,Other,C,5.0
71,,,,,,,C,
72,19.0,21.0,97.0,31.0,Lalitpur,Other,C,1.0
73,16.0,25.0,3.0,47.0,Kathmandu,Female,B,6.0
74,19.0,27.0,18.0,3.0,Lalitpur,Female,C,0.0
75,22.0,84.0,69.0,93.0,Biratnagar,Other,B,0.0
76,24.0,48.0,97.0,69.0,Pokhara,Other,B,0.0
77,,,,,,,C,
78,23.0,80.0,12.0,31.0,Kathmandu,Female,C,3.0
79,15.0,83.0,22.0,8.0,Bhaktapur,Female,B,3.0
80,23.0,48.0,82.0,11.0,Kathmandu,Male,B,1.0
81,21.0,19.0,74.0,10.0,Lalitpur,Female,C,0.0
82,23.0,85.0,0.0,45.0,Bhaktapur,Female,C,9.0
83,22.0,91.0,87.0,15.0,Lalitpur,Female,D,8.0
84,15.0,62.0,53.0,0.0,Biratnagar,Other,B,6.0
85,22.0,60.0,70.0,62.0,Lalitpur,Female,B,3.0
86,22.0,48.0,88.0,20.0,Biratnagar,Other,D,5.0
87,17.0,70.0,84.0,29.0,Biratnagar,Male,B,1.0
88,15.0,0.0,14.0,12.0,Lalitpur,Male,A,6.0
89,,,,,,,B,
90,17.0,12.0,75.0,3.0,Biratnagar,Other,D,9.0
91,17.0,93.0,70.0,27.0,Bhaktapur,Other,A,7.0
92,15.0,86.0,14.0,94.0,Biratnagar,Female,C,7.0
93,19.0,50.0,20.0,58.0,Pokhara,Male,D,0.0
94,24.0,55.0,18.0,26.0,Biratnagar,Other,D,7.0
95,21.0,82.0,59.0,68.0,Bhaktapur,Female,C,1.0
96,24.0,61.0,92.0,24.0,Pokhara,Male,D,5.0
97,,,,,,,B,
98,21.0,29.0,32.0,96.0,Kathmandu,Male,C,4.0
99,23.0,28.0,48.0,67.0,Bhaktapur,Female,D,6.0
100,22.0,48.0,95.0,24.0,Biratnagar,Male,C,9.0
101,16.0,44.0,34.0,19.0,Lalitpur,Male,C,0.0
102,,,,,,,C,
103,21.0,29.0,89.0,25.0,Pokhara,Other,A,6.0
104,21.0,15.0,10.0,4.0,Pokhara,Male,D,5.0
105,22.0,39.0,98.0,98.0,Kathmandu,Other,A,2.0
106,19.0,18.0,71.0,60.0,Pokhara,Female,D,9.0
107,17.0,17.0,77.0,91.0,Bhaktapur,Other,B,1.0
108,,,,,,,B,
109,20.0,77.0,65.0,8.0,Bhaktapur,Other,B,3.0
110,17.0,46.0,45.0,49.0,Lalitpur,Other,D,2.0
111,15.0,65.0,8.0,5.0,Kathmandu,Other,C,6.0
112,17.0,91.0,2.0,82.0,Pokhara,Male,C,7.0
113,19.0,93.0,84.0,59.0,Bhaktapur,Male,A,1.0
114,17.0,37.0,25.0,43.0,Biratnagar,Male,A,9.0
115,15.0,50.0,71.0,10.0,Kathmandu,Female,B,6.0
116,19.0,62.0,47.0,65.0,Lalitpur,Other,A,7.0
117,24.0,3.0,65.0,46.0,Bhaktapur,Male,D,5.0
118,21.0,0.0,69.0,72.0,Lalitpur,Female,D,5.0
119,21.0,7.0,27.0,84.0,Lalitpur,Male,A,9.0
120,23.0,28.0,92.0,87.0,Pokhara,Male,A,0.0
121,24.0,54.0,25.0,97.0,Pokhara,Other,A,3.0
122,24.0,2.0,24.0,85.0,Bhaktapur,Female,A,0.0
123,17.0,31.0,11.0,2.0,Biratnagar,Other,B,3.0
124,21.0,9.0,4.0,75.0,Bhaktapur,Other,B,1.0
125,15.0,73.0,97.0,91.0,Biratnagar,Male,A,4.0
126,18.0,82.0,47.0,29.0,Lalitpur,Other,D,9.0
127,18.0,33.0,36.0,89.0,Kathmandu,Female,B,8.0
128,19.0,96.0,78.0,20.0,Bhaktapur,Other,D,9.0
129,21.0,86.0,43.0,27.0,Bhaktapur,Other,C,2.0
130,21.0,54.0,99.0,89.0,Biratnagar,Other,D,7.0
131,18.0,91.0,14.0,61.0,Lalitpur,Male,A,2.0
132,21.0,31.0,42.0,32.0,Lalitpur,Female,C,5.0
133,17.0,49.0,47.0,84.0,Biratnagar,Male,B,3.0
134,20.0,6.0,86.0,34.0,Lalitpur,Male,B,7.0
135,16.0,92.0,69.0,51.0,Pokhara,Male,C,5.0
136,24.0,7.0,45.0,33.0,Kathmandu,Male,D,7.0
137,,,,,,,B,
138,19.0,56.0,20.0,50.0,Kathmandu,Female,A,5.0
139,20.0,66.0,22.0,46.0,Bhaktapur,Other,C,0.0
140,,,,,,,A,
141,24.0,86.0,46.0,57.0,Lalitpur,Male,C,7.0
142,21.0,58.0,14.0,74.0,Biratnagar,Female,B,6.0
143,23.0,71.0,24.0,56.0,Pokhara,Female,D,2.0
144,21.0,53.0,35.0,22.0,Kathmandu,Other,C,5.0
145,15.0,66.0,74.0,47.0,Biratnagar,Female,C,8.0
146,15.0,50.0,50.0,21.0,Lalitpur,Other,A,6.0
147,23.0,96.0,14.0,16.0,Pokhara,Male,B,2.0
148,23.0,91.0,67.0,68.0,Biratnagar,Male,A,5.0
149,18.0,7.0,20.0,10.0,Pokhara,Other,B,3.0
150,23.0,33.0,12.0,93.0,Pokhara,Female,A,2.0
151,17.0,34.0,85.0,14.0,Lalitpur,Other,C,8.0
152,21.0,95.0,18.0,90.0,Bhaktapur,Female,A,9.0
153,20.0,87.0,33.0,34.0,Biratnagar,Male,D,1.0
154,22.0,77.0,77.0,32.0,Lalitpur,Female,B,0.0
155,23.0,31.0,67.0,83.0,Pokhara,Other,B,1.0
156,19.0,45.0,51.0,15.0,Lalitpur,Other,C,6.0
157,15.0,15.0,26.0,33.0,Bhaktapur,Male,B,9.0
158,17.0,67.0,28.0,65.0,Biratnagar,Female,D,0.0
159,24.0,36.0,27.0,98.0,Bhaktapur,Female,A,5.0
160,22.0,53.0,34.0,39.0,Kathmandu,Female,C,6.0
161,20.0,84.0,7.0,27.0,Biratnagar,Male,D,8.0
162,22.0,13.0,15.0,46.0,Bhaktapur,Female,B,7.0
163,23.0,94.0,35.0,38.0,Pokhara,Other,B,5.0
164,18.0,54.0,29.0,69.0,Biratnagar,Female,D,2.0
165,15.0,47.0,17.0,72.0,Biratnagar,Male,A,7.0
166,15.0,81.0,1.0,19.0,Lalitpur,Female,A,6.0
167,24.0,6.0,48.0,0.0,Pokhara,Female,C,2.0
168,18.0,73.0,76.0,71.0,Kathmandu,Other,B,8.0
169,21.0,6.0,3.0,86.0,Bhaktapur,Female,D,1.0
170,16.0,32.0,89.0,62.0,Lalitpur,Other,A,2.0
171,17.0,22.0,88.0,66.0,Bhaktapur,Other,C,1.0
172,15.0,84.0,93.0,3.0,Kathmandu,Male,B,0.0
173,19.0,18.0,74.0,57.0,Kathmandu,Other,B,3.0
174,15.0,18.0,6.0,24.0,Biratnagar,Other,C,4.0
175,,,,,,,C,
176,15.0,28.0,73.0,37.0,Bhaktapur,Other,A,4.0
177,15.0,59.0,38.0,14.0,Pokhara,Male,D,0.0
178,16.0,81.0,12.0,62.0,Pokhara,Female,B,2.0
179,16.0,1.0,30.0,20.0,Biratnagar,Male,D,0.0
180,20.0,0.0,70.0,98.0,Bhaktapur,Other,B,4.0
181,21.0,46.0,62.0,56.0,Bhaktapur,Male,B,4.0
182,19.0,68.0,55.0,52.0,Kathmandu,Other,D,5.0
183,15.0,19.0,41.0,45.0,Bhaktapur,Female,C,7.0
184,15.0,10.0,60.0,13.0,Lalitpur,Male,A,9.0
185,17.0,1.0,41.0,99.0,Kathmandu,Female,B,0.0
186,16.0,66.0,55.0,75.0,Lalitpur,Other,C,3.0
187,19.0,86.0,35.0,16.0,Biratnagar,Other,B,9.0
188,24.0,11.0,83.0,38.0,Pokhara,Female,A,0.0
189,20.0,19.0,67.0,8.0,Biratnagar,Male,B,8.0
190,21.0,4.0,6.0,98.0,Pokhara,Male,A,6.0
191,18.0,36.0,53.0,76.0,Biratnagar,Other,A,6.0
192,21.0,37.0,0.0,78.0,Bhaktapur,Female,B,4.0
193,22.0,93.0,43.0,81.0,Lalitpur,Female,B,6.0
194,15.0,8.0,44.0,96.0,Pokhara,Male,A,1.0
195,20.0,97.0,46.0,5.0,Kathmandu,Male,C,3.0
196,22.0,52.0,12.0,90.0,Lalitpur,Male,D,6.0
197,19.0,43.0,21.0,22.0,Kathmandu,Female,A,2.0
198,18.0,98.0,20.0,58.0,Lalitpur,Male,B,1.0
199,,,,,,,B,
200,20.0,23.0,91.0,97.0,Biratnagar,Other,C,1.0
201,20.0,80.0,8.0,45.0,Pokhara,Male,D,0.0
202,15.0,73.0,25.0,37.0,Pokhara,Male,A,4.0
203,23.0,29.0,8.0,13.0,Lalitpur,Female,A,5.0
204,20.0,58.0,14.0,99.0,Bhaktapur,Female,D,5.0
205,17.0,86.0,9.0,71.0,Bhaktapur,Other,A,8.0
206,18.0,95.0,87.0,61.0,Kathmandu,Male,D,3.0
207,18.0,80.0,41.0,34.0,Kathmandu,Other,B,0.0
208,17.0,80.0,71.0,18.0,Biratnagar,Female,D,5.0
209,24.0,13.0,23.0,29.0,Lalitpur,Other,A,4.0
210,,,,,,,D,
211,,,,,,,C,
212,18.0,65.0,25.0,24.0,Lalitpur,Other,B,2.0
213,21.0,24.0,90.0,39.0,Biratnagar,Male,B,1.0
214,18.0,72.0,36.0,87.0,Kathmandu,Other,D,5.0
215,23.0,21.0,67.0,13.0,Biratnagar,Male,A,0.0
216,15.0,3.0,49.0,25.0,Pokhara,Male,C,6.0
217,22.0,25.0,23.0,86.0,Biratnagar,Male,B,6.0
218,21.0,57.0,18.0,21.0,Bhaktapur,Male,B,9.0
219,,,,,,,A,
220,22.0,97.0,59.0,82.0,Biratnagar,Female,A,9.0
221,15.0,86.0,38.0,50.0,Bhaktapur,Female,C,0.0
222,,,,,,,D,
223,23.0,74.0,88.0,41.0,Lalitpur,Other,A,6.0
224,16.0,69.0,17.0,18.0,Bhaktapur,Male,D,8.0
225,21.0,17.0,18.0,72.0,Bhaktapur,Female,C,4.0
226,24.0,84.0,35.0,27.0,Biratnagar,Other,D,1.0
227,17.0,41.0,73.0,83.0,Pokhara,Male,B,6.0
228,21.0,99.0,96.0,44.0,Lalitpur,Female,D,9.0
229,24.0,40.0,54.0,70.0,Biratnagar,Male,C,0.0
230,23.0,37.0,68.0,77.0,Biratnagar,Female,C,6.0
231,18.0,33.0,46.0,62.0,Pokhara,Female,C,5.0
232,15.0,16.0,48.0,72.0,Lalitpur,Female,D,6.0
233,16.0,36.0,98.0,18.0,Pokhara,Male,B,9.0
234,15.0,24.0,97.0,46.0,Lalitpur,Other,A,2.0
235,19.0,75.0,32.0,13.0,Pokhara,Male,B,2.0
236,,,,,,,D,
237,21.0,85.0,80.0,52.0,Biratnagar,Male,D,1.0
238,23.0,84.0,21.0,60.0,Kathmandu,Other,A,0.0
239,23.0,26.0,47.0,35.0,Bhaktapur,Male,D,8.0
240,17.0,56.0,36.0,39.0,Pokhara,Other,C,8.0
241,17.0,30.0,14.0,80.0,Kathmandu,Other,C,6.0
242,17.0,5.0,34.0,29.0,Bhaktapur,Male,C,6.0
243,18.0,90.0,91.0,8.0,Pokhara,Female,C,2.0
244,22.0,39.0,70.0,63.0,Lalitpur,Other,C,9.0
245,20.0,97.0,31.0,32.0,Bhaktapur,Male,D,1.0
246,22.0,11.0,10.0,51.0,Biratnagar,Other,A,6.0
247,15.0,52.0,9.0,88.0,Kathmandu,Female,A,8.0
248,22.0,70.0,72.0,13.0,Bhaktapur,Male,C,0.0
249,18.0,9.0,77.0,74.0,Bhaktapur,Male,D,3.0
250,15.0,44.0,76.0,52.0,Biratnagar,Male,B,5.0
251,22.0,16.0,56.0,98.0,Pokhara,Female,B,6.0
252,18.0,25.0,24.0,58.0,Lalitpur,Other,D,9.0
253,20.0,84.0,1.0,77.0,Biratnagar,Male,C,6.0
254,22.0,91.0,63.0,93.0,Lalitpur,Other,A,9.0
255,18.0,61.0,34.0,40.0,Pokhara,Other,D,1.0
256,17.0,45.0,6.0,67.0,Bhaktapur,Female,B,3.0
257,23.0,63.0,84.0,67.0,Lalitpur,Male,B,4.0
258,17.0,1.0,17.0,91.0,Kathmandu,Other,B,0.0
259,23.0,53.0,66.0,7.0,Kathmandu,Male,C,0.0
260,16.0,64.0,41.0,1.0,Biratnagar,Male,B,9.0
261,16.0,50.0,38.0,85.0,Pokhara,Female,D,2.0
262,,,,,,,D,
263,20.0,35.0,74.0,54.0,Biratnagar,Male,B,2.0
264,17.0,25.0,23.0,15.0,Biratnagar,Other,D,7.0
265,23.0,28.0,59.0,92.0,Kathmandu,Female,B,8.0
266,18.0,20.0,45.0,61.0,Kathmandu,Male,B,0.0
267,15.0,10.0,18.0,47.0,Biratnagar,Other,A,1.0
268,18.0,39.0,67.0,29.0,Kathmandu,Female,C,9.0
269,15.0,10.0,89.0,11.0,Pokhara,Female,C,1.0
270,19.0,35.0,41.0,34.0,Biratnagar,Other,A,3.0
271,18.0,58.0,31.0,10.0,Kathmandu,Other,A,1.0
272,22.0,38.0,38.0,63.0,Lalitpur,Other,C,6.0
273,22.0,98.0,35.0,49.0,Biratnagar,Other,B,8.0
274,21.0,53.0,96.0,84.0,Biratnagar,Other,B,6.0
275,17.0,97.0,35.0,20.0,Pokhara,Male,C,5.0
276,,,,,,,B,
277,15.0,23.0,72.0,47.0,Bhaktapur,Female,A,0.0
278,,,,,,,B,
279,20.0,68.0,96.0,66.0,Pokhara,Male,B,8.0
280,21.0,55.0,69.0,43.0,Pokhara,Male,D,4.0
281,,,,,,,D,
282,20.0,35.0,67.0,72.0,Pokhara,Female,D,5.0
283,20.0,19.0,12.0,60.0,Kathmandu,Female,B,8.0
284,17.0,82.0,48.0,8.0,Biratnagar,Female,C,7.0
285,20.0,98.0,59.0,67.0,Biratnagar,Female,A,7.0
286,22.0,80.0,1.0,34.0,Lalitpur,Male,B,7.0
287,16.0,61.0,59.0,80.0,Lalitpur,Male,C,0.0
288,19.0,97.0,4.0,97.0,Biratnagar,Other,B,0.0
289,15.0,72.0,43.0,87.0,Kathmandu,Female,A,7.0
290,,,,,,,B,
291,19.0,65.0,31.0,64.0,Bhaktapur,Male,A,8.0
292,17.0,72.0,20.0,7.0,Kathmandu,Other,B,1.0
293,,,,,,,A,
294,17.0,39.0,71.0,86.0,Pokhara,Other,B,7.0
295,15.0,16.0,49.0,46.0,Biratnagar,Male,A,8.0
296,15.0,0.0,66.0,39.0,Biratnagar,Male,D,3.0
297,,,,,,,B,
298,20.0,60.0,57.0,53.0,Bhaktapur,Female,B,0.0
299,17.0,42.0,2.0,75.0,Lalitpur,Other,C,4.0
300,,,,,,,C,
301,19.0,24.0,69.0,46.0,Bhaktapur,Other,A,7.0
302,22.0,38.0,1.0,14.0,Lalitpur,Other,B,9.0
303,15.0,34.0,86.0,18.0,Kathmandu,Male,A,4.0
304,19.0,2.0,43.0,25.0,Kathmandu,Female,D,4.0
305,17.0,43.0,1.0,51.0,Bhaktapur,Other,C,1.0
306,15.0,50.0,80.0,92.0,Lalitpur,Female,A,6.0
307,18.0,93.0,34.0,21.0,Kathmandu,Female,A,7.0
308,,,,,,,C,
309,21.0,11.0,86.0,50.0,Pokhara,Other,B,0.0
310,15.0,18.0,29.0,37.0,Pokhara,Male,A,1.0
311,17.0,43.0,7.0,19.0,Kathmandu,Other,C,9.0
312,16.0,58.0,21.0,28.0,Bhaktapur,Female,B,3.0
313,,,,,,,D,
314,24.0,60.0,57.0,3.0,Biratnagar,Male,C,1.0
315,20.0,16.0,35.0,54.0,Kathmandu,Other,A,0.0
316,24.0,73.0,68.0,70.0,Kathmandu,Female,D,8.0
317,17.0,56.0,76.0,91.0,Kathmandu,Male,B,0.0
318,22.0,54.0,92.0,27.0,Bhaktapur,Female,B,3.0
319,,,,,,,C,
320,,,,,,,C,
321,20.0,61.0,54.0,75.0,Kathmandu,Other,C,7.0
322,21.0,79.0,79.0,44.0,Lalitpur,Female,B,7.0
323,16.0,87.0,61.0,66.0,Bhaktapur,Other,D,8.0
324,24.0,82.0,29.0,85.0,Kathmandu,Female,B,4.0
325,16.0,7.0,54.0,65.0,Lalitpur,Other,A,6.0
326,24.0,94.0,15.0,87.0,Biratnagar,Female,B,2.0
327,15.0,20.0,11.0,33.0,Kathmandu,Other,A,9.0
328,,,,,,,D,
329,,,,,,,C,
330,23.0,79.0,11.0,0.0,Bhaktapur,Female,C,8.0
331,20.0,69.0,7.0,71.0,Kathmandu,Male,B,9.0
332,21.0,71.0,83.0,86.0,Biratnagar,Other,C,9.0
333,24.0,24.0,2.0,37.0,Kathmandu,Female,D,0.0
334,21.0,81.0,15.0,5.0,Biratnagar,Female,C,1.0
335,24.0,88.0,29.0,85.0,Pokhara,Other,B,4.0
336,17.0,11.0,22.0,24.0,Pokhara,Male,D,2.0
337,16.0,14.0,91.0,81.0,Biratnagar,Other,A,1.0
338,23.0,58.0,4.0,16.0,Bhaktapur,Other,B,0.0
339,22.0,25.0,83.0,60.0,Kathmandu,Other,A,9.0
340,24.0,25.0,64.0,11.0,Kathmandu,Female,D,2.0
341,21.0,46.0,29.0,5.0,Pokhara,Male,B,0.0
342,23.0,31.0,20.0,89.0,Biratnagar,Male,B,0.0
343,18.0,9.0,83.0,26.0,Kathmandu,Other,D,0.0
344,18.0,15.0,69.0,7.0,Kathmandu,Female,C,7.0
345,15.0,70.0,21.0,82.0,Bhaktapur,Other,B,2.0
346,22.0,16.0,81.0,64.0,Lalitpur,Female,B,0.0
347,,,,,,,A,
348,21.0,25.0,31.0,92.0,Pokhara,Female,C,9.0
349,16.0,84.0,32.0,98.0,Lalitpur,Female,A,2.0
350,16.0,85.0,15.0,39.0,Kathmandu,Male,A,7.0
351,21.0,6.0,75.0,13.0,Bhaktapur,Female,C,3.0
352,20.0,13.0,37.0,34.0,Bhaktapur,Female,C,3.0
353,17.0,78.0,97.0,47.0,Pokhara,Other,D,4.0
354,23.0,6.0,13.0,83.0,Bhaktapur,Other,C,5.0
355,24.0,8.0,35.0,55.0,Lalitpur,Male,B,6.0
356,20.0,47.0,96.0,48.0,Kathmandu,Other,C,3.0
357,24.0,71.0,22.0,12.0,Lalitpur,Female,D,7.0
358,24.0,58.0,65.0,60.0,Biratnagar,Other,D,5.0
359,20.0,86.0,84.0,48.0,Pokhara,Male,D,0.0
360,15.0,92.0,1.0,45.0,Bhaktapur,Other,C,0.0
361,18.0,81.0,90.0,61.0,Biratnagar,Other,C,8.0
362,24.0,94.0,72.0,7.0,Bhaktapur,Male,A,9.0
363,20.0,93.0,64.0,42.0,Kathmandu,Male,A,5.0
364,20.0,38.0,74.0,19.0,Kathmandu,Female,B,9.0
365,19.0,98.0,66.0,96.0,Kathmandu,Other,A,7.0
366,15.0,17.0,51.0,89.0,Bhaktapur,Female,B,6.0
367,22.0,58.0,61.0,38.0,Biratnagar,Other,D,5.0
368,19.0,16.0,22.0,84.0,Kathmandu,Other,A,3.0
369,19.0,13.0,25.0,48.0,Biratnagar,Female,C,6.0
370,21.0,30.0,67.0,63.0,Bhaktapur,Other,A,8.0
371,,,,,,,B,
372,,,,,,,A,
373,18.0,59.0,5.0,8.0,Bhaktapur,Male,D,6.0
374,17.0,44.0,34.0,87.0,Pokhara,Female,C,0.0
375,21.0,97.0,21.0,36.0,Bhaktapur,Male,B,9.0
376,22.0,2.0,42.0,48.0,Bhaktapur,Female,C,8.0
377,18.0,36.0,14.0,40.0,Lalitpur,Female,C,3.0
378,16.0,42.0,85.0,16.0,Kathmandu,Other,B,2.0
379,24.0,39.0,59.0,87.0,Pokhara,Female,C,3.0
380,17.0,89.0,11.0,20.0,Pokhara,Male,C,3.0
381,15.0,54.0,48.0,50.0,Pokhara,Male,A,9.0
382,22.0,86.0,41.0,58.0,Lalitpur,Male,C,1.0
383,,,,,,,C,
384,24.0,14.0,81.0,54.0,Kathmandu,Male,C,9.0
385,21.0,3.0,44.0,40.0,Biratnagar,Female,C,0.0
386,24.0,92.0,34.0,38.0,Bhaktapur,Male,B,7.0
387,19.0,85.0,29.0,12.0,Lalitpur,Male,D,1.0
388,24.0,24.0,87.0,63.0,Bhaktapur,Female,A,9.0
389,19.0,12.0,29.0,10.0,Bhaktapur,Male,C,4.0
390,21.0,81.0,77.0,18.0,Lalitpur,Other,C,3.0
391,23.0,32.0,5.0,10.0,Pokhara,Female,B,7.0
392,19.0,15.0,66.0,76.0,Pokhara,Female,D,1.0
393,15.0,41.0,79.0,45.0,Kathmandu,Female,C,9.0
394,24.0,65.0,6.0,44.0,Kathmandu,Other,B,8.0
395,24.0,54.0,51.0,0.0,Pokhara,Female,A,6.0
396,15.0,98.0,13.0,39.0,Biratnagar,Male,A,6.0
397,16.0,41.0,72.0,18.0,Bhaktapur,Male,C,0.0
398,20.0,33.0,14.0,75.0,Biratnagar,Male,C,1.0
399,23.0,29.0,20.0,71.0,Bhaktapur,Female,D,3.0
400,22.0,12.0,34.0,71.0,Pokhara,Male,D,3.0
401,19.0,12.0,65.0,60.0,Kathmandu,Female,C,2.0
402,15.0,17.0,90.0,11.0,Kathmandu,Male,B,6.0
403,21.0,31.0,1.0,60.0,Biratnagar,Other,D,7.0
404,19.0,95.0,34.0,32.0,Kathmandu,Other,C,1.0
405,20.0,98.0,81.0,44.0,Pokhara,Other,D,3.0
406,21.0,38.0,77.0,89.0,Biratnagar,Other,C,2.0
407,17.0,45.0,19.0,91.0,Bhaktapur,Female,A,1.0
408,24.0,28.0,81.0,68.0,Kathmandu,Male,C,5.0
409,17.0,61.0,9.0,7.0,Lalitpur,Other,A,3.0
410,19.0,92.0,24.0,24.0,Kathmandu,Female,D,5.0
411,20.0,61.0,65.0,90.0,Bhaktapur,Other,C,1.0
412,,,,,,,D,
413,19.0,15.0,53.0,86.0,Bhaktapur,Female,A,5.0
414,15.0,55.0,32.0,29.0,Lalitpur,Female,C,4.0
415,18.0,9.0,35.0,46.0,Pokhara,Male,D,2.0
416,19.0,29.0,94.0,86.0,Kathmandu,Male,A,7.0
417,24.0,24.0,13.0,48.0,Biratnagar,Other,D,6.0
418,24.0,83.0,64.0,46.0,Pokhara,Other,B,2.0
419,19.0,4.0,79.0,83.0,Bhaktapur,Male,A,5.0
420,21.0,64.0,53.0,81.0,Biratnagar,Male,A,3.0
421,18.0,93.0,51.0,17.0,Pokhara,Female,A,4.0
422,15.0,48.0,2.0,65.0,Biratnagar,Male,C,4.0
423,19.0,2.0,98.0,67.0,Lalitpur,Male,C,6.0
424,21.0,44.0,40.0,93.0,Lalitpur,Other,C,4.0
425,24.0,13.0,5.0,32.0,Kathmandu,Male,B,2.0
426,24.0,29.0,24.0,35.0,Kathmandu,Other,B,9.0
427,20.0,67.0,12.0,81.0,Lalitpur,Male,A,4.0
428,19.0,17.0,97.0,18.0,Biratnagar,Female,B,6.0
429,18.0,61.0,7.0,27.0,Lalitpur,Male,D,4.0
430,16.0,36.0,20.0,39.0,Kathmandu,Male,A,4.0
431,18.0,24.0,97.0,83.0,Lalitpur,Male,A,8.0
432,24.0,47.0,67.0,96.0,Lalitpur,Other,D,2.0
433,24.0,64.0,24.0,75.0,Biratnagar,Female,A,5.0
434,17.0,52.0,78.0,14.0,Pokhara,Male,B,0.0
435,24.0,78.0,67.0,40.0,Kathmandu,Other,C,9.0
436,15.0,72.0,44.0,38.0,Biratnagar,Female,D,4.0
437,,,,,,,B,
438,19.0,48.0,11.0,62.0,Lalitpur,Other,D,4.0
439,18.0,87.0,31.0,28.0,Pokhara,Female,D,8.0
440,,,,,,,A,
441,21.0,11.0,91.0,65.0,Kathmandu,Other,A,7.0
442,16.0,58.0,12.0,50.0,Bhaktapur,Other,B,9.0
443,15.0,36.0,30.0,74.0,Kathmandu,Male,D,7.0
444,18.0,60.0,77.0,76.0,Pokhara,Male,A,2.0
445,22.0,42.0,19.0,9.0,Bhaktapur,Female,A,6.0
446,16.0,69.0,17.0,13.0,Bhaktapur,Female,D,6.0
447,17.0,38.0,92.0,81.0,Lalitpur,Female,B,9.0
448,15.0,55.0,59.0,50.0,Lalitpur,Male,B,5.0
449,15.0,62.0,62.0,72.0,Kathmandu,Other,D,6.0
450,17.0,45.0,5.0,38.0,Bhaktapur,Other,B,1.0
451,19.0,87.0,31.0,27.0,Lalitpur,Female,A,8.0
452,,,,,,,D,
453,15.0,61.0,42.0,83.0,Lalitpur,Other,A,9.0
454,15.0,76.0,1.0,69.0,Lalitpur,Female,C,0.0
455,22.0,97.0,59.0,26.0,Bhaktapur,Other,C,0.0
456,24.0,24.0,22.0,1.0,Bhaktapur,Other,B,2.0
457,16.0,70.0,82.0,92.0,Biratnagar,Male,C,2.0
458,17.0,51.0,30.0,37.0,Pokhara,Male,A,0.0
459,16.0,3.0,4.0,2.0,Bhaktapur,Other,C,6.0
460,17.0,58.0,82.0,15.0,Kathmandu,Female,A,3.0
461,21.0,71.0,33.0,93.0,Pokhara,Male,B,9.0
462,15.0,19.0,9.0,39.0,Pokhara,Other,B,1.0
463,24.0,92.0,88.0,1.0,Bhaktapur,Male,A,9.0
464,22.0,62.0,1.0,80.0,Pokhara,Male,C,4.0
465,24.0,53.0,10.0,40.0,Bhaktapur,Male,B,5.0
466,24.0,73.0,49.0,11.0,Lalitpur,Other,D,8.0
467,24.0,97.0,30.0,34.0,Biratnagar,Female,B,3.0
468,16.0,56.0,55.0,64.0,Lalitpur,Female,C,1.0
469,17.0,89.0,78.0,54.0,Bhaktapur,Female,D,4.0
470,23.0,40.0,72.0,44.0,Bhaktapur,Male,C,2.0
471,21.0,2.0,86.0,78.0,Lalitpur,Other,A,1.0
472,18.0,5.0,82.0,89.0,Kathmandu,Male,D,0.0
473,24.0,4.0,8.0,84.0,Kathmandu,Female,C,9.0
474,19.0,4.0,98.0,61.0,Kathmandu,Female,D,1.0
475,16.0,53.0,20.0,48.0,Bhaktapur,Other,C,5.0
476,22.0,46.0,72.0,94.0,Pokhara,Male,D,7.0
477,18.0,86.0,27.0,24.0,Bhaktapur,Female,C,2.0
478,23.0,48.0,61.0,22.0,Pokhara,Other,A,8.0
479,19.0,8.0,6.0,23.0,Lalitpur,Male,D,8.0
480,23.0,98.0,79.0,37.0,Biratnagar,Male,D,1.0
481,18.0,19.0,15.0,27.0,Pokhara,Female,D,7.0
482,24.0,60.0,96.0,20.0,Kathmandu,Female,D,9.0
483,19.0,34.0,3.0,53.0,Bhaktapur,Male,A,4.0
484,23.0,49.0,3.0,17.0,Lalitpur,Male,D,3.0
485,22.0,81.0,39.0,35.0,Kathmandu,Female,B,9.0
486,17.0,61.0,16.0,98.0,Lalitpur,Male,A,4.0
487,15.0,16.0,51.0,44.0,Biratnagar,Female,B,3.0
488,17.0,87.0,92.0,72.0,Bhaktapur,Male,D,7.0
489,18.0,2.0,51.0,52.0,Bhaktapur,Female,C,3.0
490,16.0,31.0,35.0,29.0,Biratnagar,Other,B,9.0
491,15.0,98.0,37.0,59.0,Bhaktapur,Female,D,5.0
492,21.0,12.0,49.0,97.0,Pokhara,Female,B,1.0
493,22.0,88.0,62.0,31.0,Lalitpur,Other,D,4.0
494,,,,,,,D,
495,19.0,67.0,61.0,66.0,Biratnagar,Other,D,4.0
496,15.0,13.0,98.0,27.0,Pokhara,Female,C,1.0
497,21.0,97.0,6.0,43.0,Kathmandu,Male,B,6.0
498,21.0,10.0,26.0,78.0,Kathmandu,Other,A,3.0
499,23.0,55.0,91.0,40.0,Biratnagar,Male,A,7.0
500,,,,,,,A,
501,23.0,91.0,13.0,22.0,Kathmandu,Other,A,6.0
502,15.0,28.0,70.0,74.0,Kathmandu,Male,D,8.0
503,15.0,8.0,85.0,47.0,Pokhara,Other,B,0.0
504,18.0,66.0,4.0,31.0,Bhaktapur,Female,B,9.0
505,23.0,24.0,54.0,56.0,Kathmandu,Male,C,5.0
506,20.0,97.0,1.0,99.0,Lalitpur,Female,B,5.0
507,17.0,75.0,61.0,32.0,Pokhara,Female,B,5.0
508,15.0,41.0,90.0,23.0,Kathmandu,Male,B,5.0
509,18.0,8.0,20.0,38.0,Biratnagar,Other,C,9.0
510,23.0,78.0,78.0,33.0,Lalitpur,Male,A,6.0
511,17.0,39.0,20.0,55.0,Kathmandu,Female,B,9.0
512,23.0,24.0,9.0,27.0,Lalitpur,Female,C,5.0
513,21.0,4.0,86.0,36.0,Lalitpur,Other,C,0.0
514,,,,,,,D,
515,17.0,58.0,38.0,67.0,Lalitpur,Female,C,1.0
516,24.0,97.0,4.0,36.0,Bhaktapur,Female,A,5.0
517,19.0,87.0,64.0,55.0,Pokhara,Female,B,7.0
518,19.0,78.0,12.0,64.0,Bhaktapur,Other,C,2.0
519,17.0,37.0,84.0,64.0,Biratnagar,Female,A,9.0
520,23.0,71.0,89.0,46.0,Kathmandu,Female,C,7.0
521,18.0,4.0,84.0,19.0,Pokhara,Male,C,7.0
522,,,,,,,C,
523,,,,,,,C,
524,19.0,17.0,44.0,73.0,Bhaktapur,Female,C,5.0
525,21.0,69.0,31.0,59.0,Kathmandu,Male,A,4.0
526,23.0,36.0,35.0,17.0,Bhaktapur,Other,B,8.0
527,21.0,59.0,80.0,91.0,Lalitpur,Other,B,6.0
528,,,,,,,B,
529,24.0,76.0,59.0,42.0,Pokhara,Other,B,0.0
530,24.0,27.0,10.0,94.0,Kathmandu,Other,A,1.0
531,21.0,68.0,62.0,90.0,Bhaktapur,Other,D,7.0
532,24.0,76.0,20.0,10.0,Kathmandu,Other,D,8.0
533,19.0,80.0,51.0,48.0,Kathmandu,Other,A,3.0
534,17.0,39.0,54.0,37.0,Lalitpur,Male,A,9.0
535,21.0,44.0,25.0,63.0,Lalitpur,Other,C,9.0
536,16.0,95.0,67.0,68.0,Pokhara,Other,C,8.0
537,23.0,61.0,33.0,7.0,Biratnagar,Other,C,3.0
538,24.0,92.0,51.0,33.0,Kathmandu,Female,B,9.0
539,24.0,57.0,81.0,47.0,Biratnagar,Male,C,9.0
540,15.0,66.0,98.0,55.0,Pokhara,Male,D,9.0
541,20.0,55.0,92.0,75.0,Kathmandu,Male,B,8.0
542,21.0,39.0,51.0,64.0,Kathmandu,Other,C,6.0
543,,,,,,,B,
544,,,,,,,D,
545,23.0,90.0,41.0,49.0,Lalitpur,Male,C,3.0
546,16.0,76.0,20.0,68.0,Bhaktapur,Other,D,7.0
547,24.0,32.0,41.0,29.0,Biratnagar,Male,D,6.0
548,16.0,5.0,12.0,87.0,Lalitpur,Female,D,6.0
549,,,,,,,C,
550,,,,,,,A,
551,20.0,79.0,8.0,74.0,Kathmandu,Male,C,4.0
552,17.0,39.0,40.0,44.0,Bhaktapur,Other,D,1.0
553,22.0,91.0,0.0,3.0,Lalitpur,Other,C,1.0
554,15.0,96.0,1.0,25.0,Lalitpur,Female,D,0.0
555,20.0,58.0,59.0,26.0,Lalitpur,Other,A,4.0
556,18.0,58.0,47.0,45.0,Bhaktapur,Female,B,1.0
557,15.0,47.0,28.0,63.0,Pokhara,Male,A,3.0
558,21.0,40.0,96.0,90.0,Bhaktapur,Female,A,2.0
559,23.0,12.0,9.0,50.0,Biratnagar,Male,B,2.0
560,18.0,44.0,57.0,49.0,Bhaktapur,Female,C,1.0
561,18.0,88.0,59.0,5.0,Lalitpur,Other,B,5.0
562,20.0,52.0,20.0,58.0,Kathmandu,Other,C,1.0
563,17.0,41.0,27.0,14.0,Bhaktapur,Female,C,7.0
564,20.0,99.0,74.0,29.0,Bhaktapur,Other,D,7.0
565,21.0,62.0,33.0,41.0,Lalitpur,Other,D,4.0
566,24.0,26.0,7.0,36.0,Kathmandu,Other,B,9.0
567,24.0,37.0,58.0,41.0,Kathmandu,Male,A,6.0
568,17.0,59.0,85.0,34.0,Biratnagar,Other,B,3.0
569,21.0,6.0,71.0,86.0,Bhaktapur,Male,C,0.0
570,17.0,4.0,48.0,5.0,Kathmandu,Female,D,1.0
571,,,,,,,B,
572,24.0,57.0,16.0,17.0,Pokhara,Other,B,9.0
573,18.0,30.0,59.0,72.0,Pokhara,Other,D,3.0
574,22.0,22.0,86.0,28.0,Kathmandu,Female,D,0.0
575,23.0,41.0,87.0,76.0,Biratnagar,Male,D,7.0
576,21.0,9.0,44.0,58.0,Kathmandu,Male,C,8.0
577,15.0,31.0,82.0,46.0,Lalitpur,Other,D,3.0
578,17.0,52.0,68.0,16.0,Bhaktapur,Female,A,9.0
579,,,,,,,B,
580,15.0,38.0,43.0,21.0,Lalitpur,Female,D,1.0
581,23.0,30.0,64.0,67.0,Biratnagar,Female,D,4.0
582,22.0,81.0,86.0,68.0,Lalitpur,Female,C,2.0
583,15.0,99.0,7.0,36.0,Bhaktapur,Male,C,9.0
584,20.0,1.0,76.0,48.0,Bhaktapur,Male,B,6.0
585,,,,,,,A,
586,20.0,76.0,86.0,33.0,Lalitpur,Other,B,0.0
587,24.0,92.0,42.0,85.0,Pokhara,Female,D,7.0
588,19.0,11.0,0.0,52.0,Lalitpur,Other,A,1.0
589,20.0,38.0,50.0,86.0,Pokhara,Female,A,4.0
590,,,,,,,A,
591,,,,,,,A,
592,18.0,12.0,23.0,41.0,Pokhara,Male,B,1.0
593,17.0,45.0,16.0,97.0,Lalitpur,Female,C,8.0
594,17.0,26.0,4.0,31.0,Lalitpur,Female,C,4.0
595,18.0,16.0,19.0,50.0,Bhaktapur,Female,D,9.0
596,23.0,94.0,20.0,84.0,Lalitpur,Male,C,5.0
597,16.0,97.0,57.0,45.0,Kathmandu,Female,C,2.0
598,23.0,59.0,30.0,20.0,Biratnagar,Male,C,2.0
599,15.0,63.0,99.0,43.0,Pokhara,Other,C,9.0
600,15.0,87.0,10.0,10.0,Biratnagar,Female,D,7.0
601,19.0,34.0,51.0,67.0,Bhaktapur,Female,B,9.0
602,,,,,,,A,
603,20.0,82.0,82.0,91.0,Pokhara,Other,C,1.0
604,17.0,29.0,6.0,62.0,Kathmandu,Female,B,1.0
605,,,,,,,C,
606,23.0,73.0,50.0,98.0,Lalitpur,Male,C,5.0
607,24.0,95.0,57.0,12.0,Kathmandu,Female,A,1.0
608,22.0,97.0,4.0,97.0,Kathmandu,Female,A,4.0
609,20.0,62.0,4.0,10.0,Biratnagar,Other,A,6.0
610,22.0,27.0,93.0,99.0,Biratnagar,Other,C,9.0
611,19.0,59.0,95.0,50.0,Biratnagar,Other,C,9.0
612,22.0,78.0,7.0,16.0,Kathmandu,Female,C,7.0
613,24.0,93.0,63.0,98.0,Lalitpur,Other,A,6.0
614,18.0,36.0,9.0,81.0,Pokhara,Other,D,7.0
615,24.0,92.0,37.0,85.0,Biratnagar,Male,B,8.0
616,22.0,21.0,95.0,23.0,Lalitpur,Other,D,4.0
617,24.0,67.0,91.0,18.0,Bhaktapur,Male,C,4.0
618,,,,,,,C,
619,19.0,95.0,94.0,84.0,Pokhara,Other,D,3.0
620,23.0,99.0,7.0,7.0,Bhaktapur,Male,C,8.0
621,18.0,67.0,24.0,27.0,Bhaktapur,Female,B,4.0
622,,,,,,,C,
623,15.0,63.0,65.0,16.0,Biratnagar,Other,B,9.0
624,23.0,16.0,78.0,35.0,Kathmandu,Female,D,7.0
625,15.0,11.0,49.0,18.0,Pokhara,Male,D,6.0
626,19.0,21.0,66.0,63.0,Pokhara,Female,C,7.0
627,,,,,,,B,
628,17.0,9.0,35.0,97.0,Bhaktapur,Other,C,3.0
629,20.0,64.0,67.0,10.0,Lalitpur,Male,A,4.0
630,16.0,21.0,77.0,53.0,Kathmandu,Other,A,5.0
631,17.0,89.0,40.0,44.0,Biratnagar,Female,A,0.0
632,19.0,81.0,88.0,46.0,Biratnagar,Other,A,3.0
633,23.0,49.0,61.0,11.0,Lalitpur,Male,C,9.0
634,16.0,13.0,9.0,20.0,Pokhara,Other,A,4.0
635,24.0,63.0,20.0,10.0,Kathmandu,Female,B,6.0
636,22.0,46.0,35.0,91.0,Biratnagar,Male,D,4.0
637,,,,,,,D,
638,19.0,75.0,90.0,80.0,Pokhara,Male,A,6.0
639,21.0,35.0,1.0,55.0,Lalitpur,Other,A,7.0
640,22.0,98.0,12.0,19.0,Kathmandu,Male,A,6.0
641,15.0,51.0,52.0,40.0,Lalitpur,Male,C,3.0
642,20.0,75.0,31.0,45.0,Lalitpur,Other,D,7.0
643,15.0,6.0,94.0,11.0,Kathmandu,Female,A,4.0
644,16.0,28.0,15.0,69.0,Kathmandu,Other,B,9.0
645,15.0,10.0,31.0,16.0,Biratnagar,Male,A,8.0
646,19.0,32.0,31.0,18.0,Biratnagar,Other,D,9.0
647,24.0,5.0,97.0,25.0,Kathmandu,Male,A,4.0
648,23.0,78.0,10.0,47.0,Bhaktapur,Other,D,0.0
649,20.0,31.0,9.0,51.0,Biratnagar,Other,A,8.0
650,15.0,50.0,14.0,95.0,Bhaktapur,Female,B,4.0
651,15.0,74.0,16.0,69.0,Kathmandu,Male,A,5.0
652,16.0,57.0,39.0,54.0,Biratnagar,Female,B,3.0
653,,,,,,,B,
654,17.0,25.0,54.0,74.0,Kathmandu,Other,A,7.0
655,15.0,97.0,72.0,32.0,Pokhara,Male,B,2.0
656,19.0,45.0,24.0,61.0,Bhaktapur,Female,C,4.0
657,21.0,97.0,58.0,87.0,Kathmandu,Female,A,1.0
658,20.0,28.0,77.0,22.0,Kathmandu,Female,A,1.0
659,15.0,3.0,88.0,14.0,Biratnagar,Male,B,6.0
660,19.0,80.0,21.0,26.0,Biratnagar,Female,B,9.0
661,,,,,,,A,
662,20.0,12.0,83.0,63.0,Pokhara,Female,C,9.0
663,,,,,,,B,
664,19.0,14.0,43.0,50.0,Kathmandu,Other,B,3.0
665,21.0,28.0,31.0,52.0,Biratnagar,Male,D,4.0
666,19.0,28.0,50.0,77.0,Lalitpur,Male,C,0.0
667,19.0,74.0,45.0,90.0,Biratnagar,Female,C,6.0
668,19.0,31.0,20.0,81.0,Pokhara,Other,A,7.0
669,24.0,1.0,98.0,91.0,Lalitpur,Female,C,8.0
670,24.0,46.0,31.0,50.0,Kathmandu,Female,A,7.0
671,17.0,77.0,93.0,46.0,Kathmandu,Other,D,4.0
672,15.0,83.0,38.0,3.0,Bhaktapur,Other,C,2.0
673,19.0,21.0,11.0,6.0,Lalitpur,Other,B,9.0
674,23.0,74.0,46.0,34.0,Bhaktapur,Male,D,8.0
675,15.0,26.0,17.0,47.0,Lalitpur,Male,A,5.0
676,17.0,66.0,20.0,72.0,Lalitpur,Female,D,4.0
677,18.0,80.0,12.0,71.0,Pokhara,Male,A,2.0
678,15.0,55.0,20.0,44.0,Bhaktapur,Other,D,5.0
679,,,,,,,A,
680,,,,,,,C,
681,16.0,20.0,6.0,96.0,Kathmandu,Female,B,5.0
682,22.0,46.0,22.0,95.0,Lalitpur,Female,A,3.0
683,21.0,79.0,95.0,71.0,Pokhara,Male,D,1.0
684,24.0,58.0,74.0,18.0,Bhaktapur,Female,A,7.0
685,24.0,83.0,85.0,62.0,Bhaktapur,Female,A,3.0
686,16.0,5.0,21.0,37.0,Pokhara,Female,A,8.0
687,20.0,18.0,88.0,66.0,Bhaktapur,Other,D,6.0
688,,,,,,,B,
689,17.0,68.0,91.0,68.0,Kathmandu,Male,C,3.0
690,16.0,2.0,28.0,12.0,Kathmandu,Other,B,4.0
691,15.0,0.0,12.0,46.0,Kathmandu,Female,A,2.0
692,20.0,57.0,81.0,60.0,Bhaktapur,Other,D,8.0
693,,,,,,,B,
694,23.0,14.0,28.0,79.0,Lalitpur,Other,A,1.0
695,15.0,33.0,84.0,95.0,Lalitpur,Female,C,2.0
696,21.0,60.0,78.0,21.0,Kathmandu,Female,C,8.0
697,19.0,34.0,51.0,92.0,Biratnagar,Male,C,6.0
698,19.0,63.0,26.0,85.0,Lalitpur,Other,A,1.0
699,16.0,24.0,49.0,42.0,Lalitpur,Other,D,8.0
700,17.0,23.0,94.0,66.0,Bhaktapur,Other,B,3.0
701,21.0,11.0,78.0,53.0,Biratnagar,Female,C,8.0
702,20.0,17.0,22.0,9.0,Kathmandu,Male,A,1.0
703,16.0,14.0,87.0,41.0,Lalitpur,Other,A,9.0
704,20.0,79.0,43.0,63.0,Biratnagar,Female,B,3.0
705,16.0,26.0,76.0,20.0,Biratnagar,Female,C,4.0
706,16.0,71.0,21.0,79.0,Kathmandu,Female,A,1.0
707,16.0,59.0,42.0,75.0,Biratnagar,Other,B,9.0
708,17.0,45.0,36.0,65.0,Biratnagar,Other,D,0.0
709,16.0,88.0,60.0,40.0,Biratnagar,Other,D,6.0
710,18.0,16.0,96.0,23.0,Lalitpur,Other,D,9.0
711,23.0,92.0,55.0,34.0,Kathmandu,Other,C,0.0
712,20.0,52.0,2.0,55.0,Biratnagar,Other,B,7.0
713,15.0,7.0,62.0,29.0,Biratnagar,Other,B,2.0
714,22.0,78.0,18.0,56.0,Lalitpur,Other,A,9.0
715,,,,,,,A,
716,24.0,45.0,28.0,46.0,Bhaktapur,Female,A,6.0
717,17.0,49.0,29.0,34.0,Lalitpur,Other,B,9.0
718,15.0,70.0,38.0,18.0,Kathmandu,Male,A,0.0
719,19.0,2.0,24.0,7.0,Biratnagar,Female,B,5.0
720,18.0,92.0,7.0,25.0,Kathmandu,Other,B,6.0
721,24.0,63.0,57.0,70.0,Kathmandu,Male,D,5.0
722,22.0,43.0,15.0,29.0,Kathmandu,Other,A,3.0
723,15.0,52.0,71.0,6.0,Bhaktapur,Male,D,0.0
724,24.0,23.0,0.0,66.0,Kathmandu,Male,C,8.0
725,15.0,59.0,4.0,64.0,Bhaktapur,Male,C,3.0
726,18.0,2.0,2.0,35.0,Biratnagar,Male,C,6.0
727,22.0,19.0,64.0,24.0,Bhaktapur,Female,B,6.0
728,19.0,45.0,3.0,36.0,Biratnagar,Female,B,1.0
729,16.0,14.0,98.0,0.0,Biratnagar,Male,B,0.0
730,20.0,24.0,95.0,14.0,Bhaktapur,Other,A,7.0
731,19.0,93.0,63.0,36.0,Lalitpur,Male,D,7.0
732,16.0,77.0,97.0,12.0,Pokhara,Female,B,6.0
733,17.0,70.0,88.0,7.0,Kathmandu,Other,D,7.0
734,23.0,16.0,9.0,4.0,Pokhara,Female,D,2.0
735,21.0,83.0,20.0,59.0,Kathmandu,Female,D,1.0
736,21.0,99.0,45.0,72.0,Kathmandu,Other,A,6.0
737,20.0,8.0,90.0,0.0,Biratnagar,Male,A,7.0
738,,,,,,,C,
739,18.0,47.0,65.0,34.0,Kathmandu,Male,C,9.0
740,22.0,59.0,40.0,65.0,Bhaktapur,Male,D,8.0
741,,,,,,,C,
742,,,,,,,D,
743,23.0,1.0,35.0,8.0,Kathmandu,Other,A,2.0
744,17.0,87.0,85.0,33.0,Biratnagar,Female,A,5.0
745,17.0,71.0,89.0,45.0,Bhaktapur,Other,A,0.0
746,16.0,10.0,57.0,77.0,Bhaktapur,Male,B,5.0
747,24.0,63.0,53.0,3.0,Lalitpur,Female,D,1.0
748,17.0,76.0,11.0,29.0,Kathmandu,Male,A,8.0
749,17.0,80.0,80.0,94.0,Biratnagar,Male,D,1.0
750,19.0,71.0,77.0,74.0,Bhaktapur,Other,C,6.0
751,19.0,20.0,13.0,98.0,Bhaktapur,Other,C,0.0
752,16.0,17.0,33.0,71.0,Biratnagar,Male,A,6.0
753,24.0,93.0,52.0,2.0,Kathmandu,Male,D,4.0
754,,,,,,,A,
755,19.0,81.0,74.0,59.0,Bhaktapur,Other,C,3.0
756,20.0,94.0,15.0,76.0,Lalitpur,Female,A,9.0
757,15.0,37.0,94.0,44.0,Pokhara,Female,D,6.0
758,19.0,31.0,69.0,95.0,Kathmandu,Female,C,5.0
759,23.0,10.0,55.0,33.0,Pokhara,Male,B,4.0
760,24.0,44.0,82.0,44.0,Pokhara,Female,C,3.0
761,16.0,88.0,57.0,60.0,Pokhara,Female,B,6.0
762,,,,,,,A,
763,24.0,40.0,3.0,15.0,Kathmandu,Other,A,4.0
764,23.0,7.0,19.0,65.0,Biratnagar,Other,D,0.0
765,,,,,,,B,
766,23.0,85.0,23.0,16.0,Lalitpur,Male,A,4.0
767,23.0,50.0,98.0,33.0,Biratnagar,Other,B,2.0
768,20.0,87.0,25.0,15.0,Biratnagar,Female,A,1.0
769,22.0,40.0,36.0,59.0,Pokhara,Female,C,3.0
770,15.0,16.0,84.0,65.0,Biratnagar,Male,A,3.0
771,24.0,75.0,53.0,65.0,Bhaktapur,Female,D,3.0
772,18.0,45.0,20.0,89.0,Lalitpur,Other,C,3.0
773,15.0,31.0,73.0,12.0,Biratnagar,Male,D,2.0
774,22.0,78.0,37.0,55.0,Bhaktapur,Other,C,6.0
775,15.0,79.0,45.0,30.0,Bhaktapur,Other,B,8.0
776,17.0,53.0,3.0,33.0,Bhaktapur,Other,D,4.0
777,18.0,85.0,59.0,38.0,Bhaktapur,Female,A,3.0
778,22.0,91.0,56.0,66.0,Pokhara,Female,B,1.0
779,20.0,19.0,44.0,7.0,Bhaktapur,Other,A,1.0
780,24.0,32.0,19.0,86.0,Pokhara,Other,C,4.0
781,21.0,73.0,16.0,77.0,Pokhara,Male,C,6.0
782,22.0,39.0,70.0,54.0,Bhaktapur,Male,A,9.0
783,16.0,31.0,3.0,26.0,Lalitpur,Female,A,9.0
784,24.0,96.0,92.0,92.0,Bhaktapur,Female,B,8.0
785,22.0,1.0,13.0,52.0,Bhaktapur,Male,A,6.0
786,17.0,96.0,2.0,38.0,Bhaktapur,Other,D,4.0
787,21.0,32.0,87.0,64.0,Lalitpur,Female,D,9.0
788,,,,,,,A,
789,21.0,29.0,57.0,29.0,Kathmandu,Male,D,9.0
790,16.0,32.0,54.0,52.0,Pokhara,Female,A,5.0
791,24.0,76.0,3.0,12.0,Pokhara,Female,B,2.0
792,20.0,25.0,23.0,20.0,Lalitpur,Male,D,4.0
793,17.0,21.0,33.0,18.0,Biratnagar,Female,D,7.0
794,17.0,65.0,29.0,52.0,Kathmandu,Male,A,0.0
795,23.0,37.0,81.0,18.0,Pokhara,Female,D,0.0
796,21.0,89.0,18.0,56.0,Kathmandu,Male,C,6.0
797,19.0,45.0,30.0,24.0,Lalitpur,Female,B,4.0
798,24.0,14.0,59.0,85.0,Lalitpur,Other,B,4.0
799,21.0,97.0,59.0,30.0,Biratnagar,Other,D,0.0
800,23.0,43.0,18.0,80.0,Biratnagar,Other,D,8.0
801,15.0,48.0,48.0,54.0,Lalitpur,Female,C,0.0
802,21.0,74.0,62.0,22.0,Pokhara,Female,C,4.0
803,20.0,60.0,82.0,31.0,Kathmandu,Other,D,9.0
804,24.0,66.0,21.0,61.0,Bhaktapur,Other,D,8.0
805,23.0,5.0,23.0,73.0,Biratnagar,Male,C,3.0
806,15.0,8.0,75.0,9.0,Bhaktapur,Male,A,7.0
807,18.0,5.0,29.0,99.0,Pokhara,Male,C,5.0
808,23.0,72.0,57.0,71.0,Biratnagar,Other,A,2.0
809,18.0,94.0,30.0,53.0,Bhaktapur,Other,B,3.0
810,24.0,31.0,99.0,51.0,Pokhara,Other,B,1.0
811,17.0,40.0,63.0,19.0,Kathmandu,Male,C,0.0
812,,,,,,,A,
813,16.0,7.0,47.0,13.0,Biratnagar,Other,C,0.0
814,18.0,71.0,44.0,49.0,Lalitpur,Female,C,0.0
815,20.0,49.0,99.0,27.0,Kathmandu,Female,A,3.0
816,16.0,91.0,93.0,52.0,Bhaktapur,Female,C,9.0
817,22.0,61.0,54.0,23.0,Biratnagar,Male,B,9.0
818,22.0,83.0,54.0,78.0,Lalitpur,Female,D,5.0
819,15.0,61.0,96.0,21.0,Pokhara,Other,D,8.0
820,17.0,6.0,17.0,29.0,Lalitpur,Male,C,0.0
821,,,,,,,A,
822,23.0,83.0,91.0,3.0,Biratnagar,Other,A,9.0
823,19.0,79.0,46.0,76.0,Lalitpur,Male,B,4.0
824,20.0,3.0,74.0,58.0,Pokhara,Other,A,7.0
825,18.0,5.0,56.0,86.0,Lalitpur,Other,A,6.0
826,24.0,57.0,44.0,7.0,Biratnagar,Male,B,3.0
827,,,,,,,C,
828,22.0,25.0,16.0,11.0,Bhaktapur,Female,D,5.0
829,20.0,2.0,69.0,30.0,Bhaktapur,Other,B,5.0
830,19.0,40.0,3.0,77.0,Kathmandu,Female,C,8.0
831,23.0,59.0,19.0,33.0,Biratnagar,Other,B,4.0
832,15.0,13.0,46.0,81.0,Bhaktapur,Male,C,7.0
833,19.0,74.0,90.0,97.0,Lalitpur,Male,B,4.0
834,20.0,81.0,14.0,74.0,Pokhara,Other,C,1.0
835,19.0,11.0,69.0,75.0,Lalitpur,Male,B,5.0
836,20.0,86.0,46.0,48.0,Pokhara,Other,C,8.0
837,20.0,11.0,77.0,78.0,Bhaktapur,Male,B,2.0
838,,,,,,,D,
839,18.0,24.0,8.0,94.0,Lalitpur,Other,D,0.0
840,22.0,44.0,89.0,92.0,Lalitpur,Female,A,2.0
841,21.0,18.0,15.0,25.0,Lalitpur,Female,C,9.0
842,23.0,54.0,68.0,17.0,Pokhara,Other,B,4.0
843,21.0,99.0,60.0,95.0,Bhaktapur,Female,C,2.0
844,17.0,44.0,9.0,85.0,Lalitpur,Other,D,8.0
845,17.0,7.0,49.0,37.0,Lalitpur,Female,C,7.0
846,22.0,92.0,2.0,80.0,Kathmandu,Other,B,2.0
847,19.0,52.0,76.0,86.0,Kathmandu,Other,C,8.0
848,18.0,54.0,93.0,87.0,Bhaktapur,Male,B,5.0
849,22.0,31.0,69.0,49.0,Bhaktapur,Other,D,6.0
850,20.0,50.0,80.0,7.0,Biratnagar,Other,D,3.0
851,16.0,43.0,50.0,40.0,Kathmandu,Female,D,3.0
852,18.0,81.0,18.0,5.0,Biratnagar,Other,A,1.0
853,18.0,69.0,41.0,68.0,Pokhara,Male,D,4.0
854,20.0,17.0,34.0,43.0,Biratnagar,Female,C,7.0
855,20.0,82.0,45.0,63.0,Lalitpur,Female,A,6.0
856,15.0,21.0,25.0,28.0,Biratnagar,Male,D,6.0
857,22.0,36.0,68.0,27.0,Bhaktapur,Female,C,5.0
858,20.0,95.0,92.0,10.0,Pokhara,Female,C,2.0
859,17.0,55.0,63.0,64.0,Lalitpur,Female,C,4.0
860,,,,,,,B,
861,16.0,2.0,83.0,8.0,Pokhara,Male,A,6.0
862,22.0,27.0,48.0,26.0,Pokhara,Male,C,8.0
863,24.0,73.0,20.0,33.0,Lalitpur,Female,B,0.0
864,17.0,34.0,73.0,43.0,Biratnagar,Female,D,1.0
865,19.0,60.0,63.0,67.0,Pokhara,Male,C,2.0
866,20.0,92.0,4.0,99.0,Pokhara,Male,B,2.0
867,,,,,,,C,
868,20.0,62.0,69.0,14.0,Pokhara,Female,A,6.0
869,18.0,78.0,89.0,50.0,Kathmandu,Female,A,5.0
870,17.0,96.0,3.0,12.0,Biratnagar,Other,D,9.0
871,18.0,6.0,38.0,82.0,Biratnagar,Male,C,9.0
872,15.0,75.0,34.0,48.0,Biratnagar,Female,B,3.0
873,18.0,48.0,0.0,69.0,Bhaktapur,Male,D,8.0
874,15.0,93.0,23.0,55.0,Biratnagar,Female,C,0.0
875,15.0,84.0,56.0,75.0,Pokhara,Male,D,1.0
876,24.0,30.0,99.0,50.0,Lalitpur,Female,B,3.0
877,20.0,57.0,69.0,36.0,Kathmandu,Other,D,2.0
878,19.0,60.0,40.0,16.0,Bhaktapur,Other,D,0.0
879,18.0,23.0,53.0,57.0,Biratnagar,Male,D,4.0
880,,,,,,,C,
881,15.0,36.0,59.0,89.0,Lalitpur,Female,B,1.0
882,20.0,3.0,59.0,28.0,Lalitpur,Male,A,4.0
883,16.0,91.0,56.0,32.0,Bhaktapur,Female,C,5.0
884,,,,,,,A,
885,24.0,59.0,83.0,90.0,Biratnagar,Female,A,0.0
886,19.0,23.0,23.0,88.0,Bhaktapur,Male,C,6.0
887,21.0,49.0,88.0,54.0,Pokhara,Female,C,3.0
888,24.0,48.0,35.0,9.0,Pokhara,Male,B,7.0
889,16.0,50.0,84.0,46.0,Bhaktapur,Female,B,3.0
890,22.0,95.0,29.0,22.0,Biratnagar,Other,D,5.0
891,16.0,35.0,23.0,84.0,Bhaktapur,Female,A,8.0
892,18.0,97.0,29.0,20.0,Biratnagar,Male,B,4.0
893,15.0,99.0,85.0,12.0,Lalitpur,Other,D,3.0
894,19.0,65.0,91.0,32.0,Bhaktapur,Female,B,7.0
895,23.0,78.0,6.0,23.0,Biratnagar,Other,C,8.0
896,15.0,33.0,34.0,10.0,Bhaktapur,Female,B,3.0
897,23.0,35.0,54.0,16.0,Bhaktapur,Other,A,2.0
898,22.0,5.0,91.0,67.0,Biratnagar,Male,B,7.0
899,20.0,38.0,13.0,46.0,Biratnagar,Female,A,4.0
900,,,,,,,C,
901,17.0,57.0,79.0,93.0,Bhaktapur,Male,A,9.0
902,,,,,,,B,
903,,,,,,,D,
904,16.0,17.0,94.0,83.0,Bhaktapur,Male,C,1.0
905,19.0,39.0,88.0,82.0,Biratnagar,Other,B,0.0
906,22.0,20.0,76.0,82.0,Bhaktapur,Male,C,7.0
907,23.0,14.0,69.0,11.0,Bhaktapur,Female,C,2.0
908,16.0,96.0,43.0,36.0,Pokhara,Female,B,6.0
909,17.0,98.0,72.0,41.0,Biratnagar,Female,B,0.0
910,17.0,25.0,44.0,16.0,Bhaktapur,Male,D,0.0
911,15.0,7.0,99.0,47.0,Lalitpur,Female,C,8.0
912,22.0,99.0,55.0,27.0,Kathmandu,Female,C,7.0
913,20.0,93.0,83.0,40.0,Pokhara,Female,B,2.0
914,22.0,86.0,81.0,98.0,Bhaktapur,Female,A,5.0
915,23.0,41.0,56.0,46.0,Lalitpur,Female,B,2.0
916,19.0,43.0,20.0,17.0,Bhaktapur,Female,C,3.0
917,17.0,13.0,67.0,77.0,Bhaktapur,Male,B,0.0
918,19.0,77.0,49.0,98.0,Biratnagar,Female,D,4.0
919,19.0,1.0,32.0,70.0,Biratnagar,Female,A,0.0
920,19.0,36.0,90.0,12.0,Biratnagar,Other,B,0.0
921,17.0,68.0,6.0,81.0,Lalitpur,Male,D,9.0
922,24.0,37.0,69.0,12.0,Bhaktapur,Male,C,6.0
923,18.0,40.0,14.0,99.0,Kathmandu,Male,B,5.0
924,23.0,61.0,81.0,30.0,Pokhara,Male,C,1.0
925,,,,,,,D,
926,23.0,13.0,74.0,15.0,Biratnagar,Female,C,6.0
927,16.0,88.0,19.0,8.0,Bhaktapur,Other,D,0.0
928,22.0,83.0,87.0,72.0,Bhaktapur,Other,D,1.0
929,22.0,1.0,14.0,37.0,Lalitpur,Male,D,7.0
930,21.0,69.0,47.0,74.0,Lalitpur,Other,B,5.0
931,22.0,16.0,70.0,53.0,Biratnagar,Other,C,1.0
932,17.0,88.0,20.0,55.0,Bhaktapur,Male,C,6.0
933,20.0,27.0,41.0,85.0,Kathmandu,Male,A,3.0
934,15.0,65.0,25.0,96.0,Pokhara,Other,A,1.0
935,21.0,34.0,13.0,99.0,Bhaktapur,Female,A,5.0
936,15.0,4.0,56.0,86.0,Bhaktapur,Other,A,8.0
937,23.0,64.0,36.0,44.0,Lalitpur,Other,C,8.0
938,15.0,39.0,57.0,33.0,Pokhara,Female,D,7.0
939,,,,,,,D,
940,21.0,55.0,81.0,87.0,Bhaktapur,Male,B,2.0
941,16.0,35.0,68.0,7.0,Biratnagar,Male,D,1.0
942,19.0,44.0,2.0,6.0,Bhaktapur,Other,C,4.0
943,22.0,22.0,86.0,35.0,Biratnagar,Female,C,3.0
944,22.0,46.0,89.0,17.0,Pokhara,Male,C,6.0
945,17.0,30.0,36.0,2.0,Lalitpur,Other,B,3.0
946,21.0,10.0,87.0,27.0,Pokhara,Female,A,8.0
947,17.0,9.0,48.0,69.0,Kathmandu,Other,D,1.0
948,,,,,,,C,
949,20.0,13.0,88.0,20.0,Pokhara,Male,C,6.0
950,17.0,79.0,84.0,27.0,Kathmandu,Female,A,3.0
951,21.0,73.0,11.0,53.0,Bhaktapur,Other,C,5.0
952,17.0,92.0,60.0,53.0,Bhaktapur,Female,D,6.0
953,22.0,9.0,40.0,64.0,Biratnagar,Male,B,3.0
954,24.0,75.0,32.0,99.0,Lalitpur,Male,C,7.0
955,18.0,93.0,49.0,20.0,Bhaktapur,Other,D,8.0
956,15.0,0.0,67.0,98.0,Lalitpur,Other,C,0.0
957,18.0,4.0,70.0,12.0,Bhaktapur,Other,A,6.0
958,21.0,19.0,85.0,56.0,Biratnagar,Female,C,8.0
959,18.0,7.0,32.0,48.0,Pokhara,Other,C,9.0
960,20.0,42.0,80.0,53.0,Biratnagar,Other,B,4.0
961,23.0,75.0,23.0,9.0,Kathmandu,Male,A,1.0
962,15.0,0.0,60.0,52.0,Bhaktapur,Male,A,9.0
963,19.0,56.0,60.0,43.0,Kathmandu,Other,B,5.0
964,21.0,63.0,97.0,46.0,Kathmandu,Other,C,6.0
965,15.0,83.0,27.0,52.0,Lalitpur,Male,D,1.0
966,18.0,27.0,57.0,73.0,Bhaktapur,Other,A,1.0
967,20.0,36.0,42.0,45.0,Kathmandu,Female,A,9.0
968,16.0,46.0,40.0,12.0,Pokhara,Female,C,9.0
969,24.0,75.0,38.0,36.0,Kathmandu,Female,C,0.0
970,19.0,36.0,85.0,23.0,Pokhara,Other,A,3.0
971,24.0,48.0,48.0,1.0,Lalitpur,Male,C,6.0
972,15.0,43.0,16.0,85.0,Kathmandu,Other,D,8.0
973,20.0,55.0,97.0,80.0,Biratnagar,Other,A,2.0
974,,,,,,,D,
975,,,,,,,D,
976,22.0,5.0,97.0,9.0,Lalitpur,Male,C,6.0
977,18.0,60.0,64.0,34.0,Kathmandu,Female,D,1.0
978,22.0,19.0,73.0,24.0,Bhaktapur,Other,C,5.0
979,22.0,77.0,84.0,2.0,Bhaktapur,Male,B,1.0
980,19.0,1.0,4.0,16.0,Pokhara,Other,C,5.0
981,18.0,72.0,1.0,11.0,Pokhara,Female,D,9.0
982,16.0,36.0,21.0,53.0,Bhaktapur,Female,B,2.0
983,17.0,19.0,56.0,23.0,Pokhara,Male,C,1.0
984,17.0,25.0,65.0,28.0,Lalitpur,Male,D,5.0
985,18.0,28.0,73.0,42.0,Biratnagar,Other,A,1.0
986,18.0,0.0,97.0,24.0,Biratnagar,Male,A,4.0
987,,,,,,,C,
988,19.0,69.0,50.0,59.0,Biratnagar,Male,C,2.0
989,18.0,58.0,38.0,89.0,Kathmandu,Other,A,2.0
990,24.0,68.0,85.0,64.0,Lalitpur,Other,D,5.0
991,22.0,32.0,75.0,83.0,Pokhara,Other,D,5.0
992,20.0,50.0,87.0,27.0,Lalitpur,Other,D,9.0
993,20.0,77.0,39.0,15.0,Bhaktapur,Female,C,2.0
994,22.0,11.0,37.0,46.0,Pokhara,Other,B,2.0
995,21.0,19.0,59.0,80.0,Bhaktapur,Male,B,0.0
996,24.0,52.0,58.0,91.0,Pokhara,Female,B,6.0
997,24.0,87.0,9.0,57.0,Biratnagar,Female,B,7.0
998,22.0,42.0,98.0,75.0,Lalitpur,Other,B,1.0
999,,,,,,,C,
1000,23.0,88.0,62.0,52.0,Pokhara,Other,C,9.0
